{"name":"0cf937ff-8bee-9ccc-f958-26bd4acb6011","id":"/providers/Microsoft.Flow/flows/0cf937ff-8bee-9ccc-f958-26bd4acb6011","type":"Microsoft.Flow/flows","properties":{"apiId":"/providers/Microsoft.PowerApps/apis/shared_logicflows","displayName":"ProjectReportFlows","definition":{"metadata":{"workflowEntityId":"2f07f972-42e0-ee11-904d-00224821369a","processAdvisorMetadata":null,"flowChargedByPaygo":null,"flowclientsuspensionreason":"None","flowclientsuspensiontime":null,"flowclientsuspensionreasondetails":null,"creator":{"id":"18857660-d3b6-4f7e-91c2-2ac99d4c7171","type":"User","tenantId":"86e6ab90-2b5a-49aa-b8d7-5c290c76f960"},"provisioningMethod":"FromDefinition","failureAlertSubscription":true,"clientLastModifiedTime":"2024-05-09T07:30:24.7279576Z","connectionKeySavedTimeKey":"2024-05-09T07:30:24.7279576Z"},"$schema":"https://schema.management.azure.com/providers/Microsoft.Logic/schemas/2016-06-01/workflowdefinition.json#","contentVersion":"1.0.0.0","parameters":{"$connections":{"defaultValue":{},"type":"Object"},"$authentication":{"defaultValue":{},"type":"SecureObject"}},"triggers":{"manual":{"metadata":{"operationMetadataId":"238bc781-4c7d-4c80-9f45-e614f46cbc16"},"type":"Request","kind":"PowerAppV2","inputs":{"schema":{"type":"object","properties":{"text":{"title":"ID","type":"string","x-ms-dynamically-added":true,"description":"Please enter your id","x-ms-content-hint":"TEXT"},"email":{"title":"UserEmail","type":"string","format":"email","x-ms-dynamically-added":true,"description":"Please enter an e-mail address","x-ms-content-hint":"EMAIL"}},"required":["text","email"]}},"description":"Lấy ID của item trong ProjectList vs UserEmail của Power App  "}},"actions":{"Get_Tasks":{"runAfter":{"Get_item":["Succeeded"]},"metadata":{"operationMetadataId":"374f6161-34bd-4ce5-b92b-3f5c34b3a5b7"},"type":"OpenApiConnection","inputs":{"host":{"apiId":"/providers/Microsoft.PowerApps/apis/shared_sharepointonline","connectionName":"shared_sharepointonline","operationId":"GetItems"},"parameters":{"dataset":"https://skq26.sharepoint.com/sites/ConstructionApp","table":"30dec09e-eef4-4b52-b6d1-8007215dc206","$filter":"ProjectID eq '@{outputs('Get_item')?['body/ProjectID']}'"},"authentication":{"value":"@json(decodeBase64(triggerOutputs().headers['X-MS-APIM-Tokens']))['$ConnectionKey']","type":"Raw"}},"description":"Lấy Task Project List của từng Project trong ProjectList"},"Get_item":{"runAfter":{},"metadata":{"operationMetadataId":"ef9162f8-3470-484b-8baa-a6f2dfa44b64"},"type":"OpenApiConnection","inputs":{"host":{"apiId":"/providers/Microsoft.PowerApps/apis/shared_sharepointonline","connectionName":"shared_sharepointonline","operationId":"GetItem"},"parameters":{"dataset":"https://skq26.sharepoint.com/sites/ConstructionApp","table":"cf18a584-9685-469b-85b2-e774a19fa11c","id":"@triggerBody()['text']"},"authentication":{"value":"@json(decodeBase64(triggerOutputs().headers['X-MS-APIM-Tokens']))['$ConnectionKey']","type":"Raw"}},"description":"Lấy item trong ProjectList với ID lấy từ Power App"},"Get_member":{"runAfter":{"Get_Tasks":["Succeeded"]},"metadata":{"operationMetadataId":"763c1303-a54f-466f-b74e-c7878ed26408"},"type":"OpenApiConnection","inputs":{"host":{"apiId":"/providers/Microsoft.PowerApps/apis/shared_sharepointonline","connectionName":"shared_sharepointonline","operationId":"GetItems"},"parameters":{"dataset":"https://skq26.sharepoint.com/sites/ConstructionApp","table":"c5e78756-1383-4634-9dc6-a9ddce91e6c3","$filter":"ProjectID eq '@{outputs('Get_item')?['body/ProjectID']}'"},"authentication":{"value":"@json(decodeBase64(triggerOutputs().headers['X-MS-APIM-Tokens']))['$ConnectionKey']","type":"Raw"}},"description":"Lấy MemberProject List của từng Project trong ProjectList"},"Populate_a_Microsoft_Word_template":{"runAfter":{"SelectTask":["Succeeded"]},"metadata":{"operationMetadataId":"f0fff48a-3c00-4786-9d26-2f0994e01df6"},"type":"OpenApiConnection","inputs":{"host":{"apiId":"/providers/Microsoft.PowerApps/apis/shared_wordonlinebusiness","connectionName":"shared_wordonlinebusiness","operationId":"CreateFileItem"},"parameters":{"source":"sites/skq26.sharepoint.com,21399c47-baff-471b-b59f-5a6e9986473c,ba09d24d-db50-4b0a-8b04-9f6c0130234b","drive":"b!R5w5If-6G0e1n1pumYZHPE3SCbpQ2wpLiwSfbAEwI0t9QnhfksznR6jLj2Cu_ywV","file":"/ProjectRP.docx","dynamicFileSchema/676388770":"@utcNow()","dynamicFileSchema/1005165963":"@outputs('Get_item')?['body/Description']","dynamicFileSchema/1650018206":"@outputs('Get_item')?['body/Title']","dynamicFileSchema/1843963193":"@outputs('Get_item')?['body/ProjectStatus/Value']","dynamicFileSchema/-198785236":"@outputs('Get_item')?['body/ProjectManager/DisplayName']","dynamicFileSchema/-922332165":"@outputs('Get_item')?['body/Quantity']","dynamicFileSchema/-765227703":"@body('Selectmember')","dynamicFileSchema/-1920940546":"@body('SelectTask')"},"authentication":{"value":"@json(decodeBase64(triggerOutputs().headers['X-MS-APIM-Tokens']))['$ConnectionKey']","type":"Raw"}},"description":"Input từng biến đã set ở trên cho vào template mình đã tạo sẵn"},"Selectmember":{"runAfter":{"Get_member":["Succeeded"]},"metadata":{"operationMetadataId":"a716a608-15a9-4eba-a9b3-90146d46a3f3"},"type":"Select","inputs":{"from":"@outputs('Get_member')?['body/value']","select":{"MemberName":"@item()?['Member/DisplayName']","MemberEmail":"@item()?['Member/Email']","MemberRole":"@item()?['Role/Value']"}},"description":"Set từng biến của member list cho từng fields để input vào word"},"SelectTask":{"runAfter":{"Selectmember":["Succeeded"]},"metadata":{"operationMetadataId":"3815578c-89c8-4a64-9b40-4ce8076cdb76"},"type":"Select","inputs":{"from":"@outputs('Get_Tasks')?['body/value']","select":{"TaskName":"@item()?['TaskName1']","TaskStatus":"@item()?['TaskStatus/Value']","TimeLine":"@item()?['Timeline']","Tester":"@item()?['Tester/DisplayName']","UserComplete":"@item()?['UserComplete/DisplayName']"}},"description":"Set từng biến của task project list cho từng fields để input vào word"},"Create_file":{"runAfter":{"Populate_a_Microsoft_Word_template":["Succeeded"]},"metadata":{"operationMetadataId":"c58fb65c-7a91-4373-8003-87b5d8fbfb85"},"type":"OpenApiConnection","inputs":{"host":{"apiId":"/providers/Microsoft.PowerApps/apis/shared_onedriveforbusiness","connectionName":"shared_onedriveforbusiness","operationId":"CreateFile"},"parameters":{"folderPath":"/","name":"@{outputs('Get_item')?['body/Title']}_@{utcNow()}.docx","body":"@body('Populate_a_Microsoft_Word_template')"},"authentication":{"value":"@json(decodeBase64(triggerOutputs().headers['X-MS-APIM-Tokens']))['$ConnectionKey']","type":"Raw"}},"description":"Tạo thành file docx ","runtimeConfiguration":{"contentTransfer":{"transferMode":"Chunked"}}},"Convert_Word_Document_to_PDF":{"runAfter":{"Create_file":["Succeeded"]},"metadata":{"operationMetadataId":"7a25f334-6028-4d8d-a7b3-98d840999000"},"type":"OpenApiConnection","inputs":{"host":{"apiId":"/providers/Microsoft.PowerApps/apis/shared_wordonlinebusiness","connectionName":"shared_wordonlinebusiness","operationId":"GetFilePDF"},"parameters":{"source":"me","drive":"@first(split(body('Create_file')['id'], '.'))","file":"@ last(split(body('Create_file')['id'], '.'))"},"authentication":{"value":"@json(decodeBase64(triggerOutputs().headers['X-MS-APIM-Tokens']))['$ConnectionKey']","type":"Raw"}},"description":"Convert từ file docx sang file pdf"},"Send_an_email_(V2)":{"runAfter":{"Convert_Word_Document_to_PDF":["Succeeded"]},"metadata":{"operationMetadataId":"287c0fb0-4255-4c31-9aa1-ec2ac7374c4e"},"type":"OpenApiConnection","inputs":{"host":{"apiId":"/providers/Microsoft.PowerApps/apis/shared_office365","connectionName":"shared_office365","operationId":"SendEmailV2"},"parameters":{"emailMessage/To":"@triggerBody()['email']","emailMessage/Subject":"Project Report Detail - @{outputs('Get_item')?['body/Title']} ","emailMessage/Body":"<p>Dear, @{triggerBody()['email']}<br>\nYour Project Report has been send<br>\nRegards,<br>\n<br>\nAdmin<br>\n<br>\n**This is a system generated e-mail. Do not reply.**</p>","emailMessage/Attachments":[{"Name":"@{outputs('Get_item')?['body/Title']}.@{utcNow()}.pdf","ContentBytes":"@body('Convert_Word_Document_to_PDF')"}],"emailMessage/Importance":"Normal"},"authentication":{"value":"@json(decodeBase64(triggerOutputs().headers['X-MS-APIM-Tokens']))['$ConnectionKey']","type":"Raw"}},"description":"Send report cho email đã được chọn trong power app"}}},"connectionReferences":{"shared_sharepointonline":{"connectionName":"shared-sharepointonl-af86cebb-1162-4086-8b40-8a68e27a5321","source":"Invoker","id":"/providers/Microsoft.PowerApps/apis/shared_sharepointonline","tier":"NotSpecified"},"shared_wordonlinebusiness":{"connectionName":"shared-wordonlinebus-ba939968-b236-4ec4-93e9-0471268f5ce9","source":"Invoker","id":"/providers/Microsoft.PowerApps/apis/shared_wordonlinebusiness","tier":"NotSpecified"},"shared_onedriveforbusiness":{"connectionName":"shared-onedriveforbu-ea26313d-ff97-4eef-9ee3-9e61ae67c539","source":"Invoker","id":"/providers/Microsoft.PowerApps/apis/shared_onedriveforbusiness","tier":"NotSpecified"},"shared_office365":{"connectionName":"shared-office365-f904b6b8-8c38-4538-8b62-3ccb3dfa02dd","source":"Invoker","id":"/providers/Microsoft.PowerApps/apis/shared_office365","tier":"NotSpecified"}},"flowFailureAlertSubscribed":false,"isManaged":false}}