{"name":"48fc82e8-78bd-8d16-e3df-1760110f31ec","id":"/providers/Microsoft.Flow/flows/48fc82e8-78bd-8d16-e3df-1760110f31ec","type":"Microsoft.Flow/flows","properties":{"apiId":"/providers/Microsoft.PowerApps/apis/shared_logicflows","displayName":"APITopApp","definition":{"metadata":{"workflowEntityId":"93623faa-26e7-ee11-904d-00224821369a","processAdvisorMetadata":null,"flowChargedByPaygo":null,"flowclientsuspensionreason":"None","flowclientsuspensiontime":null,"flowclientsuspensionreasondetails":null,"creator":{"id":"18857660-d3b6-4f7e-91c2-2ac99d4c7171","type":"User","tenantId":"86e6ab90-2b5a-49aa-b8d7-5c290c76f960"},"provisioningMethod":"FromDefinition","failureAlertSubscription":true,"clientLastModifiedTime":"2024-03-22T08:02:27.1627899Z","connectionKeySavedTimeKey":"2024-03-22T08:02:27.1627899Z"},"$schema":"https://schema.management.azure.com/providers/Microsoft.Logic/schemas/2016-06-01/workflowdefinition.json#","contentVersion":"1.0.0.0","parameters":{"$authentication":{"defaultValue":{},"type":"SecureObject"}},"triggers":{"manual":{"metadata":{"operationMetadataId":"f010144a-d600-4f5c-b008-c613ac5d4865"},"type":"Request","kind":"PowerAppV2","inputs":{"schema":{"type":"object","properties":{},"required":[]}}}},"actions":{"Initialize_variable":{"runAfter":{},"metadata":{"operationMetadataId":"7fcf30cd-0076-4c5f-bbd0-15347013dfbb"},"type":"InitializeVariable","inputs":{"variables":[{"name":"Location","type":"array"}]}},"HTTP":{"runAfter":{"Initialize_variable":["Succeeded"]},"metadata":{"operationMetadataId":"95acdac4-daae-4b78-85f1-279bd4ac4a32"},"type":"Http","inputs":{"method":"GET","uri":"https://vapi.vnappmob.com/api/province/"}},"Parse_JSON":{"runAfter":{"Set_variable":["Succeeded"]},"metadata":{"operationMetadataId":"abc7569d-ba1f-4d77-973b-e3b3e0d7c6d9"},"type":"ParseJson","inputs":{"content":"@body('HTTP')","schema":{"type":"object","properties":{"province_id":{"type":"string"},"province_name":{"type":"string"},"province_type":{"type":"string"}}}}},"Append_to_array_variable":{"runAfter":{"Parse_JSON":["Succeeded"]},"metadata":{"operationMetadataId":"3f1f1f0a-2950-40ac-9781-007486415440"},"type":"AppendToArrayVariable","inputs":{"name":"Location","value":"@body('Parse_JSON')"}},"Compose":{"runAfter":{"Append_to_array_variable":["Succeeded"]},"metadata":{"operationMetadataId":"dcff5cad-93f7-4028-b1ef-3157e60fb3b6"},"type":"Compose","inputs":"@variables('Location')"},"Respond_to_a_PowerApp_or_flow":{"runAfter":{"Select":["Succeeded"]},"metadata":{"operationMetadataId":"ffaf4a78-24f0-4b3e-b5ce-cc115fc2f7fa"},"type":"Response","kind":"PowerApp","inputs":{"statusCode":200,"body":{"name":"@{body('Select')}"},"schema":{"type":"object","properties":{"name":{"title":"Name","x-ms-dynamically-added":true,"type":"string"}}}}},"Select":{"runAfter":{"Compose":["Succeeded"]},"metadata":{"operationMetadataId":"eb6f4f52-7f96-4072-a76c-58ca0ad3a7e2"},"type":"Select","inputs":{"from":"@outputs('Compose')","select":{"City":"@item()?['results']"}}},"Initialize_variable_2":{"runAfter":{"HTTP":["Succeeded"]},"metadata":{"operationMetadataId":"4e129ba0-d794-41a6-a2d6-12dd6c06fa16"},"type":"InitializeVariable","inputs":{"variables":[{"name":"LocaObject","type":"object"}]}},"Set_variable":{"runAfter":{"Initialize_variable_2":["Succeeded"]},"metadata":{"operationMetadataId":"44e9f562-3386-4a17-ab81-04636a6f491e"},"type":"SetVariable","inputs":{"name":"LocaObject","value":"@body('HTTP')"}}}},"connectionReferences":{},"flowFailureAlertSubscribed":false,"isManaged":false}}