{"name":"83f8f2a7-14bd-2d3c-861f-0c9f79e9dbad","id":"/providers/Microsoft.Flow/flows/83f8f2a7-14bd-2d3c-861f-0c9f79e9dbad","type":"Microsoft.Flow/flows","properties":{"apiId":"/providers/Microsoft.PowerApps/apis/shared_logicflows","displayName":"ResponAPI","definition":{"metadata":{"workflowEntityId":"9943cf5a-12e8-ee11-904d-0022481fff55","processAdvisorMetadata":null,"flowChargedByPaygo":null,"flowclientsuspensionreason":"None","flowclientsuspensiontime":null,"flowclientsuspensionreasondetails":null,"creator":{"id":"18857660-d3b6-4f7e-91c2-2ac99d4c7171","type":"User","tenantId":"86e6ab90-2b5a-49aa-b8d7-5c290c76f960"},"provisioningMethod":"FromDefinition","failureAlertSubscription":true,"clientLastModifiedTime":"2024-03-22T06:15:41.3623447Z","connectionKeySavedTimeKey":"2024-03-22T06:15:41.3623447Z"},"$schema":"https://schema.management.azure.com/providers/Microsoft.Logic/schemas/2016-06-01/workflowdefinition.json#","contentVersion":"1.0.0.0","parameters":{"$authentication":{"defaultValue":{},"type":"SecureObject"}},"triggers":{"manual":{"metadata":{"operationMetadataId":"0919ef82-1848-4f30-97ba-bb8323ebf04c"},"type":"Request","kind":"PowerAppV2","inputs":{"schema":{"type":"object","properties":{},"required":[]}}}},"actions":{"HTTP":{"runAfter":{},"metadata":{"operationMetadataId":"a42b961c-4716-47c4-921c-b7b8a30b60cc"},"type":"Http","inputs":{"method":"GET","uri":"https://vapi.vnappmob.com/api/province/"}},"Parse_JSON":{"runAfter":{"HTTP":["Succeeded"]},"metadata":{"operationMetadataId":"5fee5f90-f8e7-4854-a232-a0fc9ab0145e"},"type":"ParseJson","inputs":{"content":"@body('HTTP')","schema":{"type":"object","properties":{"results":{"type":"array","items":{"type":"object","properties":{"province_id":{"type":"string"},"province_name":{"type":"string"},"province_type":{"type":"string"}},"required":["province_id","province_name","province_type"]}}}}}},"Select":{"runAfter":{"Parse_JSON":["Succeeded"]},"metadata":{"operationMetadataId":"68d3297d-7b70-4cf7-9f17-9b0fd616c80e"},"type":"Select","inputs":{"from":"@body('Parse_JSON')?['results']","select":{"City":"@item()?['province_name']"}}},"Respond_to_a_PowerApp_or_flow":{"runAfter":{"Select":["Succeeded"]},"metadata":{"operationMetadataId":"630f0f75-805a-422b-a03a-ac39b66578c5"},"type":"Response","kind":"PowerApp","inputs":{"statusCode":200,"body":{"province":"@{body('Select')}"},"schema":{"type":"object","properties":{"province":{"title":"province","x-ms-dynamically-added":true,"type":"string"}}}}}}},"connectionReferences":{},"flowFailureAlertSubscribed":false,"isManaged":false}}