{"schemaVersion":"1.0","appDefinitionTemplate":{"id":"/providers/Microsoft.PowerApps/apps/","type":"Microsoft.PowerApps/apps","tags":{"primaryDeviceWidth":"640","primaryDeviceHeight":"1136","supportsPortrait":"true","supportsLandscape":"true","primaryFormFactor":"Phone","showStatusBar":"false","publisherVersion":"3.24031.27","minimumRequiredApiVersion":"2.2.0","hasComponent":"true","hasUnlockedComponent":"true","isUnifiedRootApp":"false","offlineLargeFilesSupport":"false","coauthoringEnabled":"false","sienaVersion":"20240419T091501Z-3.24031.27.0"},"properties":{"appVersion":"2024-04-19T09:15:01Z","lifeCycleId":"Published","createdByClientVersion":{"major":3,"minor":24031,"build":27,"revision":0,"majorRevision":0,"minorRevision":0},"minClientVersion":{"major":3,"minor":24031,"build":27,"revision":0,"majorRevision":0,"minorRevision":0},"backgroundColor":"rgba(180, 214, 250, 1)","backgroundImageUri":"/11025646975427168703/N25cbaf04-beb5-45ba-bc54-ba1e423dc3a5-logoSmallFile","displayName":"ConstructionApp","description":"Long release","commitMessage":"","appUris":{"documentUri":{"value":"/11025646975427168703/N04851612-b535-4e2d-a6e7-651dc0385143-document.msapp"},"imageUris":[],"additionalUris":[{"isSolutionAware":false,"value":"/11025646975427168703/Naf69d446-0ee1-439a-8597-f31a50b6329e-identity.json"}]},"createdTime":"0001-01-01T00:00:00Z","lastModifiedTime":"0001-01-01T00:00:00Z","sharedGroupsCount":0,"sharedUsersCount":0,"connectionReferences":{"8d1cbdb4-cf13-4f23-98ed-7ae3786dc83b":{"id":"c2475897-e31d-46fc-a952-b528f62be5d3","displayName":"Office 365 Outlook","iconUri":"https://connectoricons-prod.azureedge.net/releases/v1.0.1677/1.0.1677.3637/office365/icon.png","dataSources":["Office365Outlook"],"dependencies":[],"dependents":[],"parameterHints":{},"parameterHintsV2":{},"isOnPremiseConnection":false,"bypassConsent":false,"dataSets":{},"apiTier":"Standard","isCustomApiConnection":false,"actions":["SendEmailV2"]},"8a83c7f4-59b6-4011-bf1a-1093b436010a":{"id":"33dd1d79-21a0-4064-940e-832da7f3ecb8","displayName":"Office 365 Users","iconUri":"https://connectoricons-prod.azureedge.net/releases/v1.0.1677/1.0.1677.3637/office365users/icon.png","dataSources":["Office365Users"],"dependencies":[],"dependents":[],"parameterHints":{},"parameterHintsV2":{},"isOnPremiseConnection":false,"bypassConsent":false,"dataSets":{},"apiTier":"Standard","isCustomApiConnection":false,"actions":["SearchUser","UserPhotoMetadata","UserPhoto_V2"]},"64304ca9-28cd-488d-a30c-5593f49e12cd":{"id":"0b165189-85e0-4860-bcf4-4b300a3762d9","displayName":"SharePoint","iconUri":"https://connectoricons-prod.azureedge.net/releases/v1.0.1682/1.0.1682.3676/sharepointonline/icon.png","dataSources":["ProjectList","PersonalRole","MemberProject","TaskProjectList","SafetyList","DailyWorkList","InjuryList"],"dependencies":[],"dependents":[],"parameterHints":{},"parameterHintsV2":{},"isOnPremiseConnection":false,"bypassConsent":false,"dataSets":{"https://skq26.sharepoint.com/sites/ConstructionApp":{"dataSources":{"ProjectList":{"tableName":"cf18a584-9685-469b-85b2-e774a19fa11c"},"PersonalRole":{"tableName":"ac9f1780-83a3-46a5-8f5a-19542a5c13fd"},"MemberProject":{"tableName":"c5e78756-1383-4634-9dc6-a9ddce91e6c3"},"TaskProjectList":{"tableName":"30dec09e-eef4-4b52-b6d1-8007215dc206"},"SafetyList":{"tableName":"3f369c87-ed4c-4691-85af-2cddafd1c09d"},"DailyWorkList":{"tableName":"b52b87d6-2326-49e8-8d86-aa697b49a5c6"},"InjuryList":{"tableName":"2d401591-7b24-4930-b4fb-ed3d3ef39255"}}}},"apiTier":"Standard","isCustomApiConnection":false,"actions":["providers/PowerPlatform.Governance/Operations/Read","providers/PowerPlatform.Governance/Operations/Write","providers/PowerPlatform.Governance/Operations/Delete"]},"cca097cc-cdc1-4675-9112-7ba07558a9e7":{"id":"6977f6f3-7d05-457f-9720-6023720b5313","xrmConnectionReferenceLogicalName":"crfb0_sharedmicrosofttranslator_d9d1b","displayName":"Microsoft Translator","runtimePolicyName":"61cb1b21-090e-4ccf-9e6d-3cc5ff8e9681","executionRestrictions":{"version":1,"modifiedOn":"2024-03-22 07:59:20","appVer":"3.24031.27","apiId":"/providers/microsoft.powerapps/apis/shared_microsofttranslator","policy":"{\"type\":\"action\",\"dataSources\":{\"actions\":[\"translate\"]}}"},"iconUri":"https://connectoricons-prod.azureedge.net/releases/v1.0.1623/1.0.1623.3210/microsofttranslator/icon.png","dataSources":["MicrosoftTranslator"],"dependencies":[],"dependents":[],"parameterHints":{},"parameterHintsV2":{},"isOnPremiseConnection":false,"sharedConnectionId":"f3aac445-a9fc-4e3f-bd21-a54c23a747c8","bypassConsent":false,"dataSets":{},"apiTier":"Standard","isCustomApiConnection":false,"actions":["Translate"]},"f9a36414-a97b-4a52-ad8d-a81e1a614c54":{"id":"a4f4fc0b-0d30-4576-b0be-3f5d591f7f03","displayName":"Logic flows","iconUri":"https://connectoricons-prod.azureedge.net/releases/v1.0.1680/1.0.1680.3652/logicflows/icon.png","dataSources":["PDFGen"],"dependencies":["5df53e8a-edec-442c-bbaf-50a9556d89af"],"dependents":[],"parameterHints":{"workflowName":{"value":"b6094bfa-cc4e-4541-a746-5470dff6952f"},"workflowEntityId":{"value":"ddc84060-7de2-ee11-904d-00224821369a"},"workflowDisplayName":{"value":"PDFGen"},"5df53e8a-edec-442c-bbaf-50a9556d89af":{"value":"shared_sharepointonline"}},"parameterHintsV2":{"workflowName":{"value":"b6094bfa-cc4e-4541-a746-5470dff6952f"},"workflowEntityId":{"value":"ddc84060-7de2-ee11-904d-00224821369a"},"workflowDisplayName":{"value":"PDFGen"},"shared_sharepointonline":{"value":"5df53e8a-edec-442c-bbaf-50a9556d89af"}},"isOnPremiseConnection":false,"bypassConsent":false,"dataSets":{},"apiTier":"Standard","isCustomApiConnection":false,"nestedActions":[{"id":"/providers/Microsoft.PowerApps/apis/shared_sharepointonline/apiOperations/CreateFile","apiName":"SharePoint","actionName":"CreateFile","referencedResources":[{"key":"site","value":"https://skq26.sharepoint.com/sites/ConstructionApp"}]}]},"5df53e8a-edec-442c-bbaf-50a9556d89af":{"id":"0b165189-85e0-4860-bcf4-4b300a3762d9","displayName":"SharePoint","iconUri":"https://connectoricons-prod.azureedge.net/releases/v1.0.1682/1.0.1682.3676/sharepointonline/icon.png","dataSources":[],"dependencies":[],"dependents":["f9a36414-a97b-4a52-ad8d-a81e1a614c54"],"parameterHints":{},"parameterHintsV2":{},"isOnPremiseConnection":false,"bypassConsent":false,"dataSets":{},"apiTier":"Standard","isCustomApiConnection":false},"244d6409-df65-494e-a9a7-1bc1429e4e0b":{"id":"289aeba2-9b74-487c-a361-156df7c926c9","xrmConnectionReferenceLogicalName":"crfb0_sharedtranslatorv2_aac97","displayName":"Microsoft Translator V2","runtimePolicyName":"46357c58-611a-4ae1-8e89-5e7d431718fc","executionRestrictions":{"version":1,"modifiedOn":"2024-03-22 07:59:20","appVer":"3.24031.27","apiId":"/providers/microsoft.powerapps/apis/shared_translatorv2","policy":"{\"type\":\"unused\"}"},"iconUri":"https://connectoricons-prod.azureedge.net/releases/v1.0.1664/1.0.1664.3477/translatorv2/icon.png","dataSources":["MicrosoftTranslatorV2"],"dependencies":[],"dependents":[],"parameterHints":{},"parameterHintsV2":{},"isOnPremiseConnection":false,"sharedConnectionId":"2b2beb57-e7d7-4342-a89f-daffd3502aeb","bypassConsent":false,"dataSets":{},"apiTier":"Standard","isCustomApiConnection":false},"d728aa31-c11f-41bd-a45b-1bf1582a6aa6":{"id":"a4f4fc0b-0d30-4576-b0be-3f5d591f7f03","displayName":"Logic flows","iconUri":"https://connectoricons-prod.azureedge.net/releases/v1.0.1680/1.0.1680.3652/logicflows/icon.png","dataSources":["ProjectReportFlows"],"dependencies":["98b9b13b-acb4-4a14-824f-caa956e9dece","e9fcc966-9ade-41bc-9f05-265afa43b8bc","2b9ea587-96be-4925-8195-1e16aa62660d","a6519993-af3f-4289-b1eb-8ea3a507abdd"],"dependents":[],"parameterHints":{"workflowName":{"value":"3ed61122-8c65-4be8-9a8f-83569608b50b"},"workflowEntityId":{"value":"2f07f972-42e0-ee11-904d-00224821369a"},"workflowDisplayName":{"value":"ProjectReportFlows"},"98b9b13b-acb4-4a14-824f-caa956e9dece":{"value":"shared_sharepointonline"},"e9fcc966-9ade-41bc-9f05-265afa43b8bc":{"value":"shared_wordonlinebusiness"},"2b9ea587-96be-4925-8195-1e16aa62660d":{"value":"shared_onedriveforbusiness"},"a6519993-af3f-4289-b1eb-8ea3a507abdd":{"value":"shared_office365"}},"parameterHintsV2":{"workflowName":{"value":"3ed61122-8c65-4be8-9a8f-83569608b50b"},"workflowEntityId":{"value":"2f07f972-42e0-ee11-904d-00224821369a"},"workflowDisplayName":{"value":"ProjectReportFlows"},"shared_sharepointonline":{"value":"98b9b13b-acb4-4a14-824f-caa956e9dece"},"shared_wordonlinebusiness":{"value":"e9fcc966-9ade-41bc-9f05-265afa43b8bc"},"shared_onedriveforbusiness":{"value":"2b9ea587-96be-4925-8195-1e16aa62660d"},"shared_office365":{"value":"a6519993-af3f-4289-b1eb-8ea3a507abdd"}},"isOnPremiseConnection":false,"bypassConsent":false,"dataSets":{},"apiTier":"Standard","isCustomApiConnection":false,"actions":["Run"],"nestedActions":[{"id":"/providers/Microsoft.PowerApps/apis/shared_sharepointonline/apiOperations/GetItems","apiName":"SharePoint","actionName":"GetItems","referencedResources":[{"key":"site","value":"https://skq26.sharepoint.com/sites/ConstructionApp"},{"key":"list","value":"30dec09e-eef4-4b52-b6d1-8007215dc206"},{"key":"site","value":"https://skq26.sharepoint.com/sites/ConstructionApp"},{"key":"list","value":"c5e78756-1383-4634-9dc6-a9ddce91e6c3"}]},{"id":"/providers/Microsoft.PowerApps/apis/shared_sharepointonline/apiOperations/GetItem","apiName":"SharePoint","actionName":"GetItem","referencedResources":[{"key":"site","value":"https://skq26.sharepoint.com/sites/ConstructionApp"},{"key":"list","value":"cf18a584-9685-469b-85b2-e774a19fa11c"}]},{"id":"/providers/Microsoft.PowerApps/apis/shared_wordonlinebusiness/apiOperations/CreateFileItem","apiName":"Word Online (Business)","actionName":"CreateFileItem","referencedResources":[]},{"id":"/providers/Microsoft.PowerApps/apis/shared_onedriveforbusiness/apiOperations/CreateFile","apiName":"OneDrive for Business","actionName":"CreateFile","referencedResources":[]},{"id":"/providers/Microsoft.PowerApps/apis/shared_wordonlinebusiness/apiOperations/GetFilePDF","apiName":"Word Online (Business)","actionName":"GetFilePDF","referencedResources":[]},{"id":"/providers/Microsoft.PowerApps/apis/shared_office365/apiOperations/SendEmailV2","apiName":"Office 365 Outlook","actionName":"SendEmailV2","referencedResources":[]}]},"98b9b13b-acb4-4a14-824f-caa956e9dece":{"id":"0b165189-85e0-4860-bcf4-4b300a3762d9","displayName":"SharePoint","iconUri":"https://connectoricons-prod.azureedge.net/releases/v1.0.1682/1.0.1682.3676/sharepointonline/icon.png","dataSources":[],"dependencies":[],"dependents":["d728aa31-c11f-41bd-a45b-1bf1582a6aa6"],"parameterHints":{},"parameterHintsV2":{},"isOnPremiseConnection":false,"bypassConsent":false,"dataSets":{},"apiTier":"Standard","isCustomApiConnection":false},"e9fcc966-9ade-41bc-9f05-265afa43b8bc":{"id":"b2c06aac-1037-44ff-8224-2b77a9f95cf2","displayName":"Word Online (Business)","iconUri":"https://connectoricons-prod.azureedge.net/releases/v1.0.1678/1.0.1678.3642/wordonlinebusiness/icon.png","dataSources":[],"dependencies":[],"dependents":["d728aa31-c11f-41bd-a45b-1bf1582a6aa6"],"parameterHints":{},"parameterHintsV2":{},"isOnPremiseConnection":false,"bypassConsent":false,"dataSets":{},"apiTier":"Premium","isCustomApiConnection":false},"2b9ea587-96be-4925-8195-1e16aa62660d":{"id":"8d82141b-204a-443d-9de1-27ff166a11f6","displayName":"OneDrive for Business","iconUri":"https://connectoricons-prod.azureedge.net/releases/v1.0.1669/1.0.1669.3522/onedriveforbusiness/icon.png","dataSources":[],"dependencies":[],"dependents":["d728aa31-c11f-41bd-a45b-1bf1582a6aa6"],"parameterHints":{},"parameterHintsV2":{},"isOnPremiseConnection":false,"bypassConsent":false,"dataSets":{},"apiTier":"Standard","isCustomApiConnection":false},"a6519993-af3f-4289-b1eb-8ea3a507abdd":{"id":"c2475897-e31d-46fc-a952-b528f62be5d3","displayName":"Office 365 Outlook","iconUri":"https://connectoricons-prod.azureedge.net/releases/v1.0.1677/1.0.1677.3637/office365/icon.png","dataSources":[],"dependencies":[],"dependents":["d728aa31-c11f-41bd-a45b-1bf1582a6aa6"],"parameterHints":{},"parameterHintsV2":{},"isOnPremiseConnection":false,"bypassConsent":false,"dataSets":{},"apiTier":"Standard","isCustomApiConnection":false},"2d3b2184-bbf6-45c4-ab86-a7ea4afc5248":{"id":"a4f4fc0b-0d30-4576-b0be-3f5d591f7f03","displayName":"Logic flows","iconUri":"https://connectoricons-prod.azureedge.net/releases/v1.0.1680/1.0.1680.3652/logicflows/icon.png","dataSources":["APITopApp"],"dependencies":[],"dependents":[],"parameterHints":{"workflowName":{"value":"a02271bb-ee54-4810-b0c1-2ce1a006c3d9"},"workflowEntityId":{"value":"93623faa-26e7-ee11-904d-00224821369a"},"workflowDisplayName":{"value":"APITopApp"}},"parameterHintsV2":{"workflowName":{"value":"a02271bb-ee54-4810-b0c1-2ce1a006c3d9"},"workflowEntityId":{"value":"93623faa-26e7-ee11-904d-00224821369a"},"workflowDisplayName":{"value":"APITopApp"}},"isOnPremiseConnection":false,"bypassConsent":false,"dataSets":{},"apiTier":"Standard","isCustomApiConnection":false,"nestedActions":[]},"d068ea33-932b-467b-96ba-ec4865398371":{"id":"a4f4fc0b-0d30-4576-b0be-3f5d591f7f03","displayName":"Logic flows","iconUri":"https://connectoricons-prod.azureedge.net/releases/v1.0.1680/1.0.1680.3652/logicflows/icon.png","dataSources":["ResponAPI"],"dependencies":[],"dependents":[],"parameterHints":{"workflowName":{"value":"022252bc-6e1a-468a-acc1-1edcab41d405"},"workflowEntityId":{"value":"9943cf5a-12e8-ee11-904d-0022481fff55"},"workflowDisplayName":{"value":"ResponAPI"}},"parameterHintsV2":{"workflowName":{"value":"022252bc-6e1a-468a-acc1-1edcab41d405"},"workflowEntityId":{"value":"9943cf5a-12e8-ee11-904d-0022481fff55"},"workflowDisplayName":{"value":"ResponAPI"}},"isOnPremiseConnection":false,"bypassConsent":false,"dataSets":{},"apiTier":"Standard","isCustomApiConnection":false,"actions":["Run"],"nestedActions":[]}},"databaseReferences":{},"almMode":"Solution","performanceOptimizationEnabled":true,"canConsumeAppPass":true,"enableModernRuntimeMode":false,"executionRestrictions":{"isTeamsOnly":false,"dataLossPreventionEvaluationResult":{"status":"Compliant","lastEvaluationDate":"2024-04-19T09:15:25.910286Z","violations":[],"violationsByPolicy":[],"violationErrorMessage":"The app uses the following connectors: shared_office365, shared_office365users, shared_sharepointonline, shared_microsofttranslator, shared_logicflows, shared_translatorv2, shared_wordonlinebusiness, shared_onedriveforbusiness."},"httpActionRestriction":{"appUsesSharepointHttpAction":false,"enforcementStrategy":"Legacy","evaluationTime":"2024-04-19T09:15:25.9101413Z"}}},"appType":"ClassicCanvasApp","appComponents":[]}}