{"name":"fca52a82-4bd8-1b27-150c-300910078938","id":"/providers/Microsoft.Flow/flows/fca52a82-4bd8-1b27-150c-300910078938","type":"Microsoft.Flow/flows","properties":{"apiId":"/providers/Microsoft.PowerApps/apis/shared_logicflows","displayName":"PDFGen","definition":{"metadata":{"workflowEntityId":"ddc84060-7de2-ee11-904d-00224821369a","processAdvisorMetadata":null,"flowChargedByPaygo":null,"flowclientsuspensionreason":"None","flowclientsuspensiontime":null,"flowclientsuspensionreasondetails":null,"creator":{"id":"603d12d6-12a2-49d0-a88a-a826dbb43b1b","type":"User","tenantId":"86e6ab90-2b5a-49aa-b8d7-5c290c76f960"},"provisioningMethod":"FromDefinition","failureAlertSubscription":true,"clientLastModifiedTime":"2024-03-15T03:42:33.5736427Z","connectionKeySavedTimeKey":"2024-03-15T03:42:33.5736427Z"},"$schema":"https://schema.management.azure.com/providers/Microsoft.Logic/schemas/2016-06-01/workflowdefinition.json#","contentVersion":"1.0.0.0","parameters":{"$connections":{"defaultValue":{},"type":"Object"},"$authentication":{"defaultValue":{},"type":"SecureObject"}},"triggers":{"manual":{"metadata":{"operationMetadataId":"e3aa1ea1-8c48-4b8d-bd71-7982719e83fe"},"type":"Request","kind":"PowerAppV2","inputs":{"schema":{"type":"object","properties":{"text":{"title":"File Name","type":"string","x-ms-dynamically-added":true,"description":"Please enter your input","x-ms-content-hint":"TEXT"},"file":{"title":"File Content","type":"object","x-ms-dynamically-added":true,"description":"Please select file or image","x-ms-content-hint":"FILE","properties":{"name":{"type":"string"},"contentBytes":{"type":"string","format":"byte"}}}},"required":["text"]}}}},"actions":{"Create_file":{"runAfter":{},"metadata":{"operationMetadataId":"4c9655aa-5f3a-4f4f-b5b7-578f73ec40e3"},"type":"OpenApiConnection","inputs":{"host":{"apiId":"/providers/Microsoft.PowerApps/apis/shared_sharepointonline","connectionName":"shared_sharepointonline","operationId":"CreateFile"},"parameters":{"dataset":"https://skq26.sharepoint.com/sites/ConstructionApp","folderPath":"/Shared Documents/","name":"@triggerBody()['text']","body":"@triggerBody()['file']['contentBytes']"},"authentication":{"value":"@json(decodeBase64(triggerOutputs().headers['X-MS-APIM-Tokens']))['$ConnectionKey']","type":"Raw"}},"runtimeConfiguration":{"contentTransfer":{"transferMode":"Chunked"}}},"Compose":{"runAfter":{"Create_file":["Succeeded"]},"metadata":{"operationMetadataId":"c5898be4-7c50-4951-86ad-1edbda079a9e"},"type":"Compose","inputs":"https://skq26.sharepoint.com/sites/ConstructionApp/_layouts/15/download.aspx?SourceUrl=/sites/ConstructionApp@{outputs('Create_file')?['body/Path']}"},"Respond_to_a_PowerApp_or_flow":{"runAfter":{"Compose":["Succeeded"]},"metadata":{"operationMetadataId":"2da77f6c-89f9-4c18-972d-84a00066f0fd"},"type":"Response","kind":"PowerApp","inputs":{"statusCode":200,"body":{"path":"@{outputs('Compose')}"},"schema":{"type":"object","properties":{"path":{"title":"Path","x-ms-dynamically-added":true,"type":"string"}}}}}}},"connectionReferences":{"shared_sharepointonline":{"connectionName":"shared-sharepointonl-4ec3b3cb-019c-4f23-b27c-95cf1462eb30","source":"Invoker","id":"/providers/Microsoft.PowerApps/apis/shared_sharepointonline","tier":"NotSpecified"}},"flowFailureAlertSubscribed":false,"isManaged":false}}